"","year","state","yield_per_colony_kg","average_price"
"1","2015","alabama","106","7.06"
"2","2015","arizona","78","3.84"
"3","2015","arkansas","130","4.08"
"4","2015","california","78","4.12"
"5","2015","colorado","74","4.22"
"6","2015","connecticut","34","3.2"
"7","2015","florida","120","4.16"
"8","2015","georgia","124","4.38"
"9","2015","hawaii","186","4.58"
"10","2015","idaho","68","4.06"
"11","2015","illinois","98","8.22"
"12","2015","indiana","124","6.38"
"13","2015","iowa","86","4.82"
"14","2015","kansas","150","4.76"
"15","2015","kentucky","94","7.92"
"16","2015","louisiana","168","4.36"
"17","2015","maine","94","9.98"
"18","2015","maryland","84","2.93"
"19","2015","massachusetts","26","3.45"
"20","2015","michigan","126","4.98"
"21","2015","minnesota","120","4.12"
"22","2015","mississippi","224","4.02"
"23","2015","missouri","94","7.26"
"24","2015","montana","176","4.18"
"25","2015","nebraska","150","4.08"
"26","2015","newjersey","60","6.26"
"27","2015","newmexico","110","4.4"
"28","2015","newyork","110","5.66"
"29","2015","northcarolina","86","6.98"
"30","2015","northdakota","172","3.98"
"31","2015","ohio","122","7.16"
"32","2015","oklahoma","100","4.56"
"33","2015","oregon","80","4.4"
"34","2015","pennsylvania","92","5.82"
"35","2015","southcarolina","108","7.94"
"36","2015","southdakota","174","4.16"
"37","2015","tennessee","126","7.52"
"38","2015","texas","156","4.48"
"39","2015","utah","56","4.26"
"40","2015","vermont","116","9.78"
"41","2015","virginia","82","9.36"
"42","2015","washington","88","5.22"
"43","2015","westvirginia","62","8.14"
"44","2015","wisconsin","108","4.76"
"45","2015","wyoming","122","4.16"
"46","2016","alabama","94","7.66"
"47","2016","arizona","98","4.06"
"48","2016","arkansas","144","4.12"
"49","2016","california","60","4.06"
"50","2016","colorado","102","4.52"
"51","2016","connecticut","34","3.22"
"52","2016","florida","108","3.94"
"53","2016","georgia","80","4.86"
"54","2016","hawaii","204","3.82"
"55","2016","idaho","64","3.86"
"56","2016","illinois","102","9.32"
"57","2016","indiana","106","6.46"
"58","2016","iowa","100","4.4"
"59","2016","kansas","72","7"
"60","2016","kentucky","92","8.08"
"61","2016","louisiana","198","3.9"
"62","2016","maine","94","10.86"
"63","2016","maryland","84","2.93"
"64","2016","massachusetts","30","3.45"
"65","2016","michigan","116","4.88"
"66","2016","minnesota","136","3.68"
"67","2016","mississippi","166","4.8"
"68","2016","missouri","104","7.1"
"69","2016","montana","166","3.88"
"70","2016","nebraska","96","4.08"
"71","2016","newjersey","54","8.4"
"72","2016","newmexico","100","4.4"
"73","2016","newyork","124","5.88"
"74","2016","northcarolina","90","9.02"
"75","2016","northdakota","148","3.6"
"76","2016","ohio","100","7.2"
"77","2016","oklahoma","90","4.56"
"78","2016","oregon","76","4.86"
"79","2016","pennsylvania","106","7.24"
"80","2016","southcarolina","134","8.2"
"81","2016","southdakota","132","3.58"
"82","2016","tennessee","118","8.08"
"83","2016","texas","132","4.2"
"84","2016","utah","84","3.84"
"85","2016","vermont","104","8.46"
"86","2016","virginia","76","11.06"
"87","2016","washington","88","3.6"
"88","2016","westvirginia","70","8.88"
"89","2016","wisconsin","134","4.86"
"90","2016","wyoming","154","3.8"
"91","2017","alabama","104","6.9"
"92","2017","arizona","92","3.94"
"93","2017","arkansas","138","3.7"
"94","2017","california","72","4.08"
"95","2017","colorado","80","4.48"
"96","2017","connecticut","46","3.2"
"97","2017","florida","100","4.86"
"98","2017","georgia","78","5.38"
"99","2017","hawaii","226","4.62"
"100","2017","idaho","68","3.64"
"101","2017","illinois","96","10.84"
"102","2017","indiana","124","6.92"
"103","2017","iowa","96","4.16"
"104","2017","kansas","96","6.08"
"105","2017","kentucky","92","8.04"
"106","2017","louisiana","172","3.88"
"107","2017","maine","68","6.76"
"108","2017","maryland","92","2.93"
"109","2017","massachusetts","46","3.45"
"110","2017","michigan","120","4.74"
"111","2017","minnesota","118","3.38"
"112","2017","mississippi","170","3.46"
"113","2017","missouri","124","4.62"
"114","2017","montana","154","3.54"
"115","2017","nebraska","92","3.82"
"116","2017","newjersey","54","14.18"
"117","2017","newmexico","120","4.42"
"118","2017","newyork","114","6.38"
"119","2017","northcarolina","74","9.56"
"120","2017","northdakota","156","3.7"
"121","2017","ohio","158","7.86"
"122","2017","oklahoma","85","4.58"
"123","2017","oregon","70","3.82"
"124","2017","pennsylvania","100","6.06"
"125","2017","southcarolina","90","9.14"
"126","2017","southdakota","142","3.52"
"127","2017","tennessee","110","9.76"
"128","2017","texas","140","4.16"
"129","2017","utah","64","3.86"
"130","2017","vermont","104","7.28"
"131","2017","virginia","76","11.7"
"132","2017","washington","70","3.98"
"133","2017","westvirginia","64","7.84"
"134","2017","wisconsin","124","5.34"
"135","2017","wyoming","136","3.56"
"136","2018","alabama","90","5.76"
"137","2018","arizona","80","3.98"
"138","2018","arkansas","136","3.94"
"139","2018","california","82","4.32"
"140","2018","colorado","86","4.18"
"141","2018","connecticut","46","3.23"
"142","2018","florida","86","4.74"
"143","2018","georgia","64","6"
"144","2018","hawaii","262","3.06"
"145","2018","idaho","88","3.58"
"146","2018","illinois","92","10.18"
"147","2018","indiana","104","7.22"
"148","2018","iowa","116","4.52"
"149","2018","kansas","158","8.06"
"150","2018","kentucky","76","8.26"
"151","2018","louisiana","162","3.86"
"152","2018","maine","66","10"
"153","2018","maryland","92","2.97"
"154","2018","massachusetts","40","3.48"
"155","2018","michigan","90","4.84"
"156","2018","minnesota","124","3.86"
"157","2018","mississippi","172","3.64"
"158","2018","missouri","130","7.4"
"159","2018","montana","144","4.42"
"160","2018","nebraska","126","3.82"
"161","2018","newjersey","56","17.48"
"162","2018","newmexico","122","4.45"
"163","2018","newyork","112","6.06"
"164","2018","northcarolina","82","9.16"
"165","2018","northdakota","148","3.82"
"166","2018","ohio","146","6.48"
"167","2018","oklahoma","98","4.67"
"168","2018","oregon","80","4.2"
"169","2018","pennsylvania","92","7.02"
"170","2018","southcarolina","68","5.4"
"171","2018","southdakota","114","4.14"
"172","2018","tennessee","82","9.14"
"173","2018","texas","132","4.34"
"174","2018","utah","62","4.16"
"175","2018","vermont","108","8.04"
"176","2018","virginia","70","11.54"
"177","2018","washington","90","4.88"
"178","2018","westvirginia","80","7.86"
"179","2018","wisconsin","112","5.64"
"180","2018","wyoming","106","3.22"
"181","2019","alabama","90","7.44"
"182","2019","arizona","76","6.02"
"183","2019","arkansas","100","3.76"
"184","2019","california","82","4.22"
"185","2019","colorado","96","4.1"
"186","2019","connecticut","40","3.23"
"187","2019","florida","98","4.8"
"188","2019","georgia","68","5.52"
"189","2019","hawaii","206","3.84"
"190","2019","idaho","62","3.92"
"191","2019","illinois","82","9.66"
"192","2019","indiana","92","7.16"
"193","2019","iowa","98","4.8"
"194","2019","kansas","146","6.2"
"195","2019","kentucky","82","10.86"
"196","2019","louisiana","166","3.82"
"197","2019","maine","64","5.96"
"198","2019","maryland","92","2.97"
"199","2019","massachusetts","40","3.69"
"200","2019","michigan","88","4.98"
"201","2019","minnesota","122","3.88"
"202","2019","mississippi","174","4.14"
"203","2019","missouri","90","5.66"
"204","2019","montana","184","3.8"
"205","2019","nebraska","118","4.02"
"206","2019","newjersey","62","14.94"
"207","2019","newmexico","130","4.48"
"208","2019","newyork","96","6.48"
"209","2019","northcarolina","66","11.52"
"210","2019","northdakota","144","3.74"
"211","2019","ohio","146","7.44"
"212","2019","oklahoma","105","4.67"
"213","2019","oregon","70","4.72"
"214","2019","pennsylvania","88","7.78"
"215","2019","southcarolina","96","6.34"
"216","2019","southdakota","94","3.82"
"217","2019","tennessee","92","8.22"
"218","2019","texas","112","4.24"
"219","2019","utah","82","4.2"
"220","2019","vermont","96","7.52"
"221","2019","virginia","80","14.48"
"222","2019","washington","86","4.3"
"223","2019","westvirginia","74","8.66"
"224","2019","wisconsin","90","5.9"
"225","2019","wyoming","112","3.82"
"226","2020","alabama","84","6.76"
"227","2020","arizona","92","4.08"
"228","2020","arkansas","110","3.3"
"229","2020","california","96","3.2"
"230","2020","colorado","92","4.68"
"231","2020","connecticut","40","3.23"
"232","2020","florida","90","4.92"
"233","2020","georgia","66","5.34"
"234","2020","hawaii","160","2.6"
"235","2020","idaho","64","3.24"
"236","2020","illinois","78","8.24"
"237","2020","indiana","110","7.56"
"238","2020","iowa","110","4.7"
"239","2020","kansas","158","4.7"
"240","2020","kentucky","82","9.32"
"241","2020","louisiana","144","4.3"
"242","2020","maine","70","6.56"
"243","2020","maryland","88","2.97"
"244","2020","massachusetts","42","3.7"
"245","2020","michigan","100","5.12"
"246","2020","minnesota","118","3.66"
"247","2020","mississippi","160","3.74"
"248","2020","missouri","86","6.7"
"249","2020","montana","172","2.98"
"250","2020","nebraska","104","2.88"
"251","2020","newjersey","56","9.36"
"252","2020","newmexico","110","4.56"
"253","2020","newyork","116","8"
"254","2020","northcarolina","84","8.22"
"255","2020","northdakota","130","2.86"
"256","2020","ohio","134","6.92"
"257","2020","oklahoma","100","4.69"
"258","2020","oregon","64","5"
"259","2020","pennsylvania","100","8.82"
"260","2020","southcarolina","94","10.06"
"261","2020","southdakota","144","3.12"
"262","2020","tennessee","114","9.44"
"263","2020","texas","120","4.64"
"264","2020","utah","58","3.94"
"265","2020","vermont","96","8.96"
"266","2020","virginia","78","14.38"
"267","2020","washington","70","4.36"
"268","2020","westvirginia","74","8.52"
"269","2020","wisconsin","94","6"
"270","2020","wyoming","112","2.86"
"271","2021","alabama","78","11.04"
"272","2021","arizona","72","4.76"
"273","2021","arkansas","98","3.7"
"274","2021","california","86","3.9"
"275","2021","colorado","82","4.78"
"276","2021","connecticut","52","3.25"
"277","2021","florida","92","4.48"
"278","2021","georgia","68","5.04"
"279","2021","hawaii","210","3.4"
"280","2021","idaho","70","3.52"
"281","2021","illinois","104","11.3"
"282","2021","indiana","110","7.82"
"283","2021","iowa","116","5.08"
"284","2021","kansas","124","6.5"
"285","2021","kentucky","66","11.52"
"286","2021","louisiana","138","4.92"
"287","2021","maine","60","6.72"
"288","2021","maryland","88","3.02"
"289","2021","massachusetts","42","3.8"
"290","2021","michigan","94","5.9"
"291","2021","minnesota","110","3.6"
"292","2021","mississippi","146","3.98"
"293","2021","missouri","82","7.18"
"294","2021","montana","162","3.22"
"295","2021","nebraska","104","3.38"
"296","2021","newjersey","62","8.64"
"297","2021","newmexico","120","4.56"
"298","2021","newyork","112","6.26"
"299","2021","northcarolina","76","11"
"300","2021","northdakota","156","3.18"
"301","2021","ohio","150","7"
"302","2021","oklahoma","95","4.87"
"303","2021","oregon","58","4.8"
"304","2021","pennsylvania","96","8.24"
"305","2021","southcarolina","92","6.88"
"306","2021","southdakota","122","3.54"
"307","2021","tennessee","102","8.46"
"308","2021","texas","114","4"
"309","2021","utah","68","4.04"
"310","2021","vermont","94","7.88"
"311","2021","virginia","80","12.06"
"312","2021","washington","74","5.02"
"313","2021","westvirginia","92","7.62"
"314","2021","wisconsin","100","6.22"
"315","2021","wyoming","80","3.42"
"316","2022","alabama","80","11.98"
"317","2022","arizona","80","4.68"
"318","2022","arkansas","100","4.14"
"319","2022","california","66","4.8"
"320","2022","colorado","80","5.56"
"321","2022","connecticut","52","3.27"
"322","2022","florida","88","4.84"
"323","2022","georgia","68","5.46"
"324","2022","hawaii","186","4.42"
"325","2022","idaho","60","4.74"
"326","2022","illinois","92","11.66"
"327","2022","indiana","104","7.78"
"328","2022","iowa","110","4.92"
"329","2022","kansas","84","5.48"
"330","2022","kentucky","74","9.2"
"331","2022","louisiana","116","5"
"332","2022","maine","68","6.36"
"333","2022","maryland","90","3.05"
"334","2022","massachusetts","46","3.88"
"335","2022","michigan","102","5.94"
"336","2022","minnesota","114","4.64"
"337","2022","mississippi","142","5.54"
"338","2022","missouri","70","7.98"
"339","2022","montana","114","4.34"
"340","2022","nebraska","94","4.34"
"341","2022","newjersey","70","6.54"
"342","2022","newmexico","112","4.59"
"343","2022","newyork","106","8.3"
"344","2022","northcarolina","78","13.68"
"345","2022","northdakota","110","4.38"
"346","2022","ohio","128","7.4"
"347","2022","oklahoma","95","4.89"
"348","2022","oregon","62","4.28"
"349","2022","pennsylvania","84","6.8"
"350","2022","southcarolina","84","10.64"
"351","2022","southdakota","98","4.54"
"352","2022","tennessee","112","10"
"353","2022","texas","112","4.6"
"354","2022","utah","66","4.36"
"355","2022","vermont","94","6.56"
"356","2022","virginia","80","16.46"
"357","2022","washington","64","5.04"
"358","2022","westvirginia","86","9.6"
"359","2022","wisconsin","94","5.62"
"360","2022","wyoming","116","4.14"
